<?xml version="1.0" encoding="UTF-8"?>
<assembly
	xmlns="http://maven.apache.org/plugins/maven-assembly-plugin/assembly/1.1.1"
	xmlns:xsi="http://www.w3.org/2001/XMLSchema-instance"
	xsi:schemaLocation="http://maven.apache.org/plugins/maven-assembly-plugin/assembly/1.1.1 http://maven.apache.org/xsd/assembly-1.1.1.xsd">

	<id>bin</id>
	<formats>
		<format>zip</format>
	</formats>

	<includeBaseDirectory>false</includeBaseDirectory>

	<fileSets>
		<fileSet>
			<includes>
				<include>README.md</include>
				<include>LICENSE.txt</include>
			</includes>
		</fileSet>
	</fileSets>

	<dependencySets>
		<dependencySet>
			<outputDirectory>lib</outputDirectory>
			<useProjectArtifact>true</useProjectArtifact>
			<useProjectAttachments>true</useProjectAttachments>
			<scope>runtime</scope>
		</dependencySet>
		<dependencySet>
			<outputDirectory>lib</outputDirectory>
			<useTransitiveDependencies>true</useTransitiveDependencies>
			<scope>compile</scope>
			<includes>
				<include>com.google.code.gson:gson:*</include>
				<include>org.apache.httpcomponents:httpclient:*</include>
			</includes>
		</dependencySet>
	</dependencySets>
</assembly>
