<?xml version="1.0" encoding="UTF-8"?>
<assembly
	xmlns="http://maven.apache.org/plugins/maven-assembly-plugin/assembly/1.1.1"
	xmlns:xsi="http://www.w3.org/2001/XMLSchema-instance"
	xsi:schemaLocation="http://maven.apache.org/plugins/maven-assembly-plugin/assembly/1.1.1 http://maven.apache.org/xsd/assembly-1.1.1.xsd">

	<id>src</id>
	<formats>
		<format>zip</format>
	</formats>

	<includeBaseDirectory>true</includeBaseDirectory>

	<fileSets>
		<fileSet>
			<includes>
				<include>pom.xml</include>
				<include>README.md</include>
				<include>LICENSE.txt</include>
			</includes>
		</fileSet>
		<fileSet>
			<directory>src</directory>
		</fileSet>
	</fileSets>
</assembly>
